Category,Venue,Location,Approx Travel From BP JSHS,Max Seated Capacity,Max Cocktail Capacity,Buffet Dinner Estimate,Cocktail Reception Estimate,Alcohol Structure To Request,Outside Catering,Program AV Potential,Thu Fri Sat Feasible,Parking Accessibility,Contact Info,Fit Rating,Notes,Sources
Best overall,Lanzi's on the Lake,"Mayfield, NY",20-30 min,200,"200 indoor; tent expansion possible",Requires quote; planning estimate $55-$95 pp all-in,"Requires quote; planning estimate $45-$80 pp all-in",Cash bar or guest-paid consumption bar; keep alcohol off district invoice,No - in-house catering appears standard,Strong - screens projectors audio microphones Wi-Fi referenced,Likely; confirm dates,"Abundant parking referenced; accessibility to confirm",Use website inquiry / phone from site,High,"Likely best balance of local meaning, lake setting, capacity, and A/V",https://www.lanzisonthelake.com/
Best overall,The Bridge Walk,"Amsterdam, NY",20-30 min,500,Not listed,"Directory lists $10000 minimum for 100 guests; quote required","Planning estimate $55-$95 pp all-in; quote required",Cash bar or guest-paid bar; venue liquor only likely,No,Moderate - Wi-Fi listed; mic/projector must be confirmed,Likely,"Parking lot and wheelchair listed by directory",135 Perthshire Dr Amsterdam NY; use website/phone listing,High,"Close and large; confirm retirement-event package and A/V",https://www.receptionhalls.com/venue/the-bridge-walk-amsterdam-ny
Lower-cost practical,Waterford Banquets / Saratoga-Wilton Elks,"Saratoga Springs, NY",45-55 min,"200-250",250,"Published buffet examples $21.95-$39.95 pp before tax/service; quote required","Likely customizable; planning estimate $35-$65 pp all-in",Cash bar / guest-paid lounge arrangement,No - catering provided,Moderate - must confirm microphone/projector/screen,Likely,"Lodge setting; parking likely; accessibility to confirm",518-584-2585,High,"Strong value signal and adequate capacity",https://www.eventective.com/saratoga-springs-ny/the-elks-lodge-waterford-banquets-616484.html
Best overall,Excelsior Springs Event Center / Courtyard Saratoga Springs,"Saratoga Springs, NY",45-55 min,200,Unknown,Requires quote; planning estimate $75-$125 pp all-in,Requires quote; planning estimate $60-$105 pp all-in,Cash bar or separately hosted bar,No likely - hotel/event catering,Strong likely; confirm mic screen projector video,Likely,"Hotel/event center parking/accessibility; confirm",47 Excelsior Ave Saratoga Springs NY; use venue inquiry,High,"Good professional event infrastructure; needs quote",https://www.saratoga.com/business/excelsior-springs-15614/
Best overall,Holiday Inn Saratoga Springs,"Saratoga Springs, NY",45-55 min,"300 per one listing; 200 ceremony/reception per another",400-500,"Packages may bundle open bar; request non-alcohol quote; planning estimate $75-$130 pp all-in","Planning estimate $55-$105 pp all-in",Cash bar or guest-paid separate bar; written district invoice excluding alcohol,No - all F&B handled by venue,Strong - podium/stage and hotel meeting infrastructure,Likely,"Large parking lot listed; accessible hotel",518-584-4550 ext. 353 or 288,High,"Reliable logistics and parking; must separate alcohol from packages",https://www.saratogaweddingsandevents.com/
Premium formal,Key Hall at Proctors,"Schenectady, NY",55-65 min,250,300,Requires caterer quote; planning estimate $110-$175 pp all-in,Requires caterer quote; planning estimate $90-$150 pp all-in,Cash bar through SLA-licensed caterer; separate invoice,Yes - choose vendors / licensed caterer required,Strong likely; confirm included A/V,Likely,"Downtown parking logistics; handicap accessible listed",Use website contact form / 518-382-3884 ext.153,Medium-High,"Most formal setting; may be costly and farther",https://keyhallatproctors.com/
Premium formal,Saratoga National Golf Club,"Saratoga Springs, NY",50-60 min,"200-220",250-350,Requires Mazzone quote; planning estimate $115-$180 pp all-in,Requires quote; planning estimate $90-$150 pp all-in,Cash bar or non-district funded drink tickets,Mazzone/on-site likely,Strong - A/V and staging listed by Cvent,Likely,"Golf club parking/accessibility; confirm",458 Union Ave Saratoga Springs NY; use venue inquiry,Medium-High,"Beautiful premium option; may feel like gala/wedding",https://heritageatsaratoganational.com/
Premium formal,River Stone Manor,"Glenville/Schenectady, NY",50-60 min,330,400,Directory min for 100 guests $1800 but menu-dependent; quote required,Requires quote; planning estimate $65-$125 pp all-in,Cash bar or guest-paid bar,No,Strong - A/V equipped Wi-Fi listed,Likely,"Parking lot and wheelchair listed",1437 Amsterdam Rd Schenectady NY; use website/phone listing,Medium-High,"Large waterfront venue; pricing unclear",https://www.receptionhalls.com/venue/river-stone-manor-schenectady-ny
Lower-cost practical,Canali's Restaurant and Banquets,"Schenectady, NY",55-65 min,130,N/A,"Published Wed/Thu special $18.95 pp + tax/service; standard menus higher","Not ideal for cocktail format; quote required",Cash bar / guest-paid only,Off-premise catering available; on-premise in-house,Unknown - confirm,Likely Wed-Sun; special Wed/Thu,"Restaurant parking/accessibility; confirm",518-355-5323,Medium,"Excellent value for <=130; not viable for 200",https://www.canalisrestaurant.com/specials/
Lower-cost practical,Julian's Venue,"Amsterdam, NY",20-30 min,98 inside,130 outside,"Venue rental + outside caterer; planning estimate $30-$70 pp food plus rental","Good for light reception <=130; planning estimate $25-$60 pp plus rental",Ask if bar can be guest-paid/caterer-managed; avoid district alcohol costs,Yes - approved professional caterer,Moderate - microphone/music/Wi-Fi included,Likely,"Handicap accessible and parking lot listed",518-212-7060,Medium,"Good local smaller reception option; too small for main 200-person event",https://juliansvenue.com/
Promising inquiry,Fifth Avenue Banquet Hall,"Schenectady, NY",55-65 min,"175-200 depending source",200,"Requires quote; possible outside caterer value","Requires quote",Cash bar / guest-paid bar,Yes per directory,Moderate - Wi-Fi; confirm A/V,Likely,"65+ parking spaces per listing; accessibility listed",1309 5th Ave Schenectady NY,Medium,"Flexible but needs direct vetting",https://www.eventective.com/schenectady-ny/fifth-avenue-banquet-hall-754625.html
Premium distant,Courtyard by Marriott Lake George,"Lake George, NY",65-75 min,175-200,200,"Requires quote; likely premium","Requires quote; likely premium",Cash bar / guest-paid separate bar,No likely,Strong likely hotel/event infrastructure,Likely,"Hotel parking/accessibility; confirm",365 Canada St Lake George NY,Medium,"Useful backup if Lake George setting desired; farther",https://www.zola.com/wedding-vendors/wedding-venues/courtyard-by-marriott-lake-george
Premium distant,The Sagamore Resort,"Bolton Landing, NY",75-90 min,200+,400,"Requires quote; premium/resort pricing likely","Requires quote; premium/resort pricing likely",Cash bar or separately hosted non-district bar,No,Strong likely resort/event infrastructure,Likely,"Resort parking/accessibility; confirm",110 Sagamore Rd Bolton Landing NY,Low-Medium,"Beautiful but far and likely too expensive/destination-oriented",https://www.opalcollection.com/sagamore/gather/weddings/
Last resort,District facility - BP JSHS auditorium/cafeteria,"Broadalbin, NY",0 min,Depends on setup,Depends on setup,"Catering + rentals only; estimate $20-$55 pp plus custodial/security/rentals","Dessert/heavy appetizer reception estimate $15-$45 pp plus support costs",Recommend no alcohol on school property,Approved caterer/district food service only,Strong in auditorium,Highly feasible if school calendar allows,"On-site parking/accessibility; confirm custodial/security",District internal,Last resort,"Symbolic and low-cost but less adult/special",Internal planning
